"RK",TIERS,"PLAYER NAME",TEAM,"POS","BYE","SOS","ECR VS ADP"
"1",1,"Ja'Marr Chase",CIN,"WR1","10","3 out of 5 stars","0"
"2",1,"Bijan Robinson",ATL,"RB1","5","4 out of 5 stars","0"
"3",1,"Saquon Barkley",PHI,"RB2","9","3 out of 5 stars","0"
"4",1,"CeeDee Lamb",DAL,"WR2","10","2 out of 5 stars","+2"
"5",1,"Jahmyr Gibbs",DET,"RB3","8","2 out of 5 stars","-1"
"6",1,"Justin Jefferson",MIN,"WR3","6","2 out of 5 stars","-1"
"7",2,"Derrick Henry",BAL,"RB4","7","4 out of 5 stars","+4"
"8",2,"Nico Collins",HOU,"WR4","6","4 out of 5 stars","+4"
"9",2,"Brian Thomas Jr.",JAC,"WR5","8","4 out of 5 stars","+5"
"10",2,"Malik Nabers",NYG,"WR6","14","2 out of 5 stars","-2"
"11",2,"Puka Nacua",LAR,"WR7","8","3 out of 5 stars","+2"
"12",3,"Ashton Jeanty",LV,"RB5","8","2 out of 5 stars","-3"
"13",3,"Christian McCaffrey",SF,"RB6","14","3 out of 5 stars","-3"
"14",3,"Drake London",ATL,"WR8","5","3 out of 5 stars","+5"
"15",3,"Jonathan Taylor",IND,"RB7","11","2 out of 5 stars","+6"
"16",3,"A.J. Brown",PHI,"WR9","9","3 out of 5 stars","+6"
"17",3,"Amon-Ra St. Brown",DET,"WR10","8","3 out of 5 stars","-10"
"18",3,"Josh Jacobs",GB,"RB8","5","4 out of 5 stars","-1"
"19",3,"George Kittle",SF,"TE1","14","3 out of 5 stars","+20"
"20",3,"Brock Bowers",LV,"TE2","8","2 out of 5 stars","-2"
"21",3,"Bucky Irving",TB,"RB9","9","3 out of 5 stars","-6"
"22",3,"Ladd McConkey",LAC,"WR11","12","3 out of 5 stars","+4"
"23",4,"Kyren Williams",LAR,"RB10","8","3 out of 5 stars","+2"
"24",4,"De'Von Achane",MIA,"RB11","12","4 out of 5 stars","-8"
"25",4,"Josh Allen",BUF,"QB1","7","4 out of 5 stars","-2"
"26",4,"Lamar Jackson",BAL,"QB2","7","3 out of 5 stars","-2"
"27",4,"Chase Brown",CIN,"RB12","10","4 out of 5 stars","-7"
"28",4,"Tee Higgins",CIN,"WR12","10","3 out of 5 stars","+5"
"29",4,"Mike Evans",TB,"WR13","9","3 out of 5 stars","+14"
"30",4,"Trey McBride",ARI,"TE3","8","5 out of 5 stars","-3"
"31",4,"Jayden Daniels",WAS,"QB3","12","2 out of 5 stars","-1"
"32",4,"James Cook",BUF,"RB13","7","4 out of 5 stars","-1"
"33",4,"Jaxon Smith-Njigba",SEA,"WR14","8","3 out of 5 stars","-5"
"34",4,"Tyreek Hill",MIA,"WR15","12","3 out of 5 stars","-5"
"35",5,"Davante Adams",LAR,"WR16","8","3 out of 5 stars","+9"
"36",5,"Jalen Hurts",PHI,"QB4","9","3 out of 5 stars","+5"
"37",5,"Omarion Hampton",LAC,"RB14","12","2 out of 5 stars","-5"
"38",5,"Marvin Harrison Jr.",ARI,"WR17","8","4 out of 5 stars","+2"
"39",5,"Kenneth Walker III",SEA,"RB15","8","3 out of 5 stars","+3"
"40",5,"Garrett Wilson",NYJ,"WR18","9","4 out of 5 stars","-3"
"41",5,"Terry McLaurin",WAS,"WR19","12","3 out of 5 stars","-6"
"42",5,"DK Metcalf",PIT,"WR20","5","4 out of 5 stars","+8"
"43",5,"Chuba Hubbard",CAR,"RB16","14","3 out of 5 stars","+2"
"44",5,"Breece Hall",NYJ,"RB17","9","5 out of 5 stars","-10"
"45",5,"Joe Burrow",CIN,"QB5","10","2 out of 5 stars","-7"
"46",5,"James Conner",ARI,"RB18","8","3 out of 5 stars","+1"
"47",5,"Courtland Sutton",DEN,"WR21","12","3 out of 5 stars","+2"
"48",5,"TreVeyon Henderson",NE,"RB19","14","4 out of 5 stars","-2"
"49",5,"Jameson Williams",DET,"WR22","8","3 out of 5 stars","+9"
"50",5,"Alvin Kamara",NO,"RB20","11","4 out of 5 stars","-14"
"51",6,"DJ Moore",CHI,"WR23","5","2 out of 5 stars","-3"
"52",6,"Xavier Worthy",KC,"WR24","10","3 out of 5 stars","+3"
"53",6,"Calvin Ridley",TEN,"WR25","10","4 out of 5 stars","+13"
"54",6,"George Pickens",DAL,"WR26","10","2 out of 5 stars","+9"
"55",6,"Tetairoa McMillan",CAR,"WR27","14","4 out of 5 stars","-2"
"56",6,"DeVonta Smith",PHI,"WR28","9","3 out of 5 stars","-2"
"57",6,"David Montgomery",DET,"RB21","8","2 out of 5 stars","0"
"58",6,"D'Andre Swift",CHI,"RB22","5","3 out of 5 stars","+3"
"59",6,"Zay Flowers",BAL,"WR29","7","3 out of 5 stars","+3"
"60",6,"Tony Pollard",TEN,"RB23","10","2 out of 5 stars","+4"
"61",6,"Sam LaPorta",DET,"TE4","8","3 out of 5 stars","-5"
"62",6,"RJ Harvey",DEN,"RB24","12","2 out of 5 stars","-11"
"63",6,"Isiah Pacheco",KC,"RB25","10","2 out of 5 stars","-4"
"64",6,"Patrick Mahomes II",KC,"QB6","10","3 out of 5 stars","-4"
"65",6,"Jaylen Waddle",MIA,"WR30","12","3 out of 5 stars","+7"
"66",6,"Aaron Jones Sr.",MIN,"RB26","6","3 out of 5 stars","-1"
"67",6,"Baker Mayfield",TB,"QB7","9","2 out of 5 stars","+4"
"68",6,"Mark Andrews",BAL,"TE5","7","3 out of 5 stars","+15"
"69",7,"Bo Nix",DEN,"QB8","12","4 out of 5 stars","+8"
"70",7,"Kaleb Johnson",PIT,"RB27","5","4 out of 5 stars","+6"
"71",7,"T.J. Hockenson",MIN,"TE6","6","3 out of 5 stars","-4"
"72",7,"Tyrone Tracy Jr.",NYG,"RB28","14","3 out of 5 stars","+2"
"73",7,"Travis Hunter",JAC,"WR31","8","4 out of 5 stars","-4"
"74",7,"Ricky Pearsall",SF,"WR32","14","4 out of 5 stars","+6"
"75",7,"Rome Odunze",CHI,"WR33","5","2 out of 5 stars","+3"
"76",7,"Kyler Murray",ARI,"QB9","8","4 out of 5 stars","+19"
"77",7,"Rashee Rice",KC,"WR34","10","3 out of 5 stars","-25"
"78",7,"Dak Prescott",DAL,"QB10","10","2 out of 5 stars","+26"
"79",7,"Chris Olave",NO,"WR35","11","4 out of 5 stars","-4"
"80",7,"Jordan Mason",MIN,"RB29","6","3 out of 5 stars","+17"
"81",7,"Emeka Egbuka",TB,"WR36","9","3 out of 5 stars","+12"
"82",7,"Jerry Jeudy",CLE,"WR37","9","2 out of 5 stars","-14"
"83",7,"Travis Kelce",KC,"TE7","10","3 out of 5 stars","-13"
"84",7,"Jaylen Warren",PIT,"RB30","5","4 out of 5 stars","-5"
"85",7,"Deebo Samuel Sr.",WAS,"WR38","12","3 out of 5 stars","-3"
"86",7,"Jordan Addison",MIN,"WR39","6","2 out of 5 stars","-5"
"87",7,"David Njoku",CLE,"TE8","9","3 out of 5 stars","+13"
"88",7,"Brock Purdy",SF,"QB11","14","4 out of 5 stars","+24"
"89",7,"Justin Fields",NYJ,"QB12","9","5 out of 5 stars","+30"
"90",7,"Travis Etienne Jr.",JAC,"RB31","8","2 out of 5 stars","-6"
"91",7,"Zach Charbonnet",SEA,"RB32","8","3 out of 5 stars","+3"
"92",8,"Tucker Kraft",GB,"TE9","5","2 out of 5 stars","+19"
"93",8,"Jayden Reed",GB,"WR40","5","2 out of 5 stars","+12"
"94",8,"Justin Herbert",LAC,"QB13","12","3 out of 5 stars","+20"
"95",8,"Jauan Jennings",SF,"WR41","14","4 out of 5 stars","+7"
"96",8,"Tank Bigsby",JAC,"RB33","8","2 out of 5 stars","+20"
"97",8,"Stefon Diggs",NE,"WR42","14","3 out of 5 stars","-11"
"98",8,"Matthew Golden",GB,"WR43","5","2 out of 5 stars","-8"
"99",8,"Tyler Warren",IND,"TE10","11","3 out of 5 stars","-3"
"100",8,"Jacory Croskey-Merritt",WAS,"RB34","12","2 out of 5 stars","+78"
"101",8,"Caleb Williams",CHI,"QB14","5","2 out of 5 stars","+5"
"102",8,"Drake Maye",NE,"QB15","14","5 out of 5 stars","+25"
"103",8,"Javonte Williams",DAL,"RB35","10","2 out of 5 stars","-5"
"104",8,"Jakobi Meyers",LV,"WR44","8","4 out of 5 stars","-15"
"105",8,"Evan Engram",DEN,"TE11","12","3 out of 5 stars","-17"
"106",8,"Jared Goff",DET,"QB16","8","2 out of 5 stars","-5"
"107",8,"J.K. Dobbins",DEN,"RB36","12","2 out of 5 stars","+1"
"108",8,"Rhamondre Stevenson",NE,"RB37","14","4 out of 5 stars","+2"
"109",8,"Jordan Love",GB,"QB17","5","2 out of 5 stars","+24"
"110",8,"Khalil Shakir",BUF,"WR45","7","3 out of 5 stars","-18"
"111",8,"Trevor Lawrence",JAC,"QB18","8","3 out of 5 stars","+26"
"112",8,"Keon Coleman",BUF,"WR46","7","3 out of 5 stars","+5"
"113",8,"C.J. Stroud",HOU,"QB19","6","3 out of 5 stars","+17"
"114",8,"Cam Skattebo",NYG,"RB38","14","3 out of 5 stars","-11"
"115",8,"Josh Downs",IND,"WR47","11","4 out of 5 stars","-2"
"116",8,"J.J. McCarthy",MIN,"QB20","6","2 out of 5 stars","+18"
"117",8,"Dallas Goedert",PHI,"TE12","9","3 out of 5 stars","+24"
"118",8,"Chris Godwin Jr.",TB,"WR48","9","3 out of 5 stars","-33"
"119",8,"Kyle Pitts Sr.",ATL,"TE13","5","3 out of 5 stars","+19"
"120",8,"Cooper Kupp",SEA,"WR49","8","3 out of 5 stars","-33"
"121",8,"Najee Harris",LAC,"RB39","12","2 out of 5 stars","-14"
"122",9,"Dalton Kincaid",BUF,"TE14","7","3 out of 5 stars","+2"
"123",9,"Darnell Mooney",ATL,"WR50","5","3 out of 5 stars","-1"
"124",9,"Austin Ekeler",WAS,"RB40","12","2 out of 5 stars","-3"
"125",9,"Braelon Allen",NYJ,"RB41","9","5 out of 5 stars","+18"
"126",9,"Michael Pittman Jr.",IND,"WR51","11","4 out of 5 stars","-17"
"127",9,"Rashid Shaheed",NO,"WR52","11","4 out of 5 stars","+12"
"128",9,"Trey Benson",ARI,"RB42","8","3 out of 5 stars","+8"
"129",9,"Quinshon Judkins",CLE,"RB43","9","4 out of 5 stars","-38"
"130",9,"Brian Robinson Jr.",SF,"RB44","14","3 out of 5 stars","-31"
"131",9,"Ray Davis",BUF,"RB45","7","4 out of 5 stars","+15"
"132",9,"Colston Loveland",CHI,"TE15","5","4 out of 5 stars","-17"
"133",9,"Joe Mixon",HOU,"RB46","6","2 out of 5 stars","-60"
"134",9,"Brandon Aiyuk",SF,"WR53","14","4 out of 5 stars","-16"
"135",9,"Rachaad White",TB,"RB47","9","3 out of 5 stars","-7"
"136",9,"Nick Chubb",HOU,"RB48","6","2 out of 5 stars","+4"
"137",9,"Tua Tagovailoa",MIA,"QB21","12","5 out of 5 stars","+14"
"138",9,"Tyler Allgeier",ATL,"RB49","5","4 out of 5 stars","+11"
"139",9,"Jake Ferguson",DAL,"TE16","10","2 out of 5 stars","-16"
"140",9,"Rashod Bateman",BAL,"WR54","7","3 out of 5 stars","+22"
"141",9,"Christian Kirk",HOU,"WR55","6","4 out of 5 stars","+4"
"142",9,"Tyjae Spears",TEN,"RB50","10","2 out of 5 stars","-13"
"143",9,"Bryce Young",CAR,"QB22","14","3 out of 5 stars","+15"
"144",9,"Marvin Mims Jr.",DEN,"WR56","12","3 out of 5 stars","-12"
"145",9,"Michael Penix Jr.",ATL,"QB23","5","4 out of 5 stars","+12"
"146",9,"Jaydon Blue",DAL,"RB51","10","2 out of 5 stars","-20"
"147",9,"Hunter Henry",NE,"TE17","14","3 out of 5 stars","+6"
"148",9,"Bhayshul Tuten",JAC,"RB52","8","2 out of 5 stars","-17"
"149",9,"Jerome Ford",CLE,"RB53","9","4 out of 5 stars","-14"
"150",9,"Dylan Sampson",CLE,"RB54","9","4 out of 5 stars","0"
"151",9,"Luther Burden III",CHI,"WR57","5","2 out of 5 stars","-7"
"152",9,"Cedric Tillman",CLE,"WR58","9","2 out of 5 stars","+17"
"153",9,"Matthew Stafford",LAR,"QB24","8","3 out of 5 stars","+7"
"154",9,"Geno Smith",LV,"QB25","8","3 out of 5 stars","+11"
"155",10,"Jayden Higgins",HOU,"WR59","6","4 out of 5 stars","-30"
"156",10,"Denver Broncos",DEN,"DST1","12","4 out of 5 stars","-9"
"157",10,"Jonnu Smith",PIT,"TE18","5","3 out of 5 stars","-37"
"158",10,"Zach Ertz",WAS,"TE19","12","3 out of 5 stars","-2"
"159",10,"Romeo Doubs",GB,"WR60","5","2 out of 5 stars","+29"
"160",10,"Isaiah Likely",BAL,"TE20","7","3 out of 5 stars","+13"
"161",10,"Rico Dowdle",CAR,"RB55","14","3 out of 5 stars","-19"
"162",10,"Philadelphia Eagles",PHI,"DST2","9","2 out of 5 stars","-10"
"163",10,"Marquise Brown",KC,"WR61","10","3 out of 5 stars","-9"
"164",10,"Keenan Allen",LAC,"WR62","12","3 out of 5 stars","-9"
"165",10,"Pittsburgh Steelers",PIT,"DST3","5","3 out of 5 stars","-4"
"166",10,"Tre' Harris",LAC,"WR63","12","3 out of 5 stars","-18"
"167",10,"Isaac Guerendo",SF,"RB56","14","3 out of 5 stars","-4"
"168",10,"Baltimore Ravens",BAL,"DST4","7","3 out of 5 stars","+15"
"169",10,"Adam Thielen",MIN,"WR64","6","2 out of 5 stars","+5"
"170",10,"DeMario Douglas",NE,"WR65","14","3 out of 5 stars","+17"
"171",10,"Joshua Palmer",BUF,"WR66","7","3 out of 5 stars","+14"
"172",10,"Kyle Williams",NE,"WR67","14","3 out of 5 stars","-8"
"173",10,"Minnesota Vikings",MIN,"DST5","6","2 out of 5 stars","-2"
"174",10,"Jaylen Wright",MIA,"RB57","12","4 out of 5 stars","+7"
"175",10,"Cam Ward",TEN,"QB26","10","2 out of 5 stars","-16"
"176",10,"Sam Darnold",SEA,"QB27","8","4 out of 5 stars","-8"
"177",10,"Wan'Dale Robinson",NYG,"WR68","14","2 out of 5 stars","0"
"178",10,"Quentin Johnston",LAC,"WR69","12","3 out of 5 stars","+42"
"179",10,"Roschon Johnson",CHI,"RB58","5","3 out of 5 stars","+21"
"180",10,"Ollie Gordon II",MIA,"RB59","12","4 out of 5 stars","+11"
"181",10,"Xavier Legette",CAR,"WR70","14","4 out of 5 stars","-5"
"182",10,"Blake Corum",LAR,"RB60","8","3 out of 5 stars","+13"
"183",10,"Brenton Strange",JAC,"TE21","8","3 out of 5 stars","-16"
"184",10,"Houston Texans",HOU,"DST6","6","2 out of 5 stars","0"
"185",10,"Buffalo Bills",BUF,"DST7","7","5 out of 5 stars","+14"
"186",10,"Brandon Aubrey",DAL,"K1","10","4 out of 5 stars","-6"
"187",10,"Kansas City Chiefs",KC,"DST8","10","1 out of 5 stars","+21"
"188",10,"Detroit Lions",DET,"DST9","8","1 out of 5 stars","+23"
"189",10,"DeAndre Hopkins",BAL,"WR71","7","3 out of 5 stars","-23"
"190",10,"Jalen Coker",CAR,"WR72","14","4 out of 5 stars","+45"
"191",10,"Cameron Dicker",LAC,"K2","12","5 out of 5 stars","+2"
"192",11,"Cade Otton",TB,"TE22","9","3 out of 5 stars","-17"
"193",11,"Jake Bates",DET,"K3","8","1 out of 5 stars","+9"
"194",11,"Seattle Seahawks",SEA,"DST10","8","3 out of 5 stars","+46"
"195",11,"Wil Lutz",DEN,"K4","12","5 out of 5 stars","+63"
"196",11,"Chig Okonkwo",TEN,"TE23","10","3 out of 5 stars","-4"
"197",11,"Los Angeles Rams",LAR,"DST11","8","3 out of 5 stars","+46"
"198",11,"Alec Pierce",IND,"WR73","11","4 out of 5 stars","+11"
"199",11,"Woody Marks",HOU,"RB61","6","2 out of 5 stars","+8"
"200",11,"Green Bay Packers",GB,"DST12","5","2 out of 5 stars","+42"
"201",11,"Los Angeles Chargers",LAC,"DST13","12","5 out of 5 stars","+58"
"202",11,"Ka'imi Fairbairn",HOU,"K5","6","3 out of 5 stars","+8"
"203",11,"Kendre Miller",NO,"RB62","11","4 out of 5 stars","+30"
"204",11,"Will Shipley",PHI,"RB63","9","3 out of 5 stars","-3"
"205",11,"Chase McLaughlin",TB,"K6","9","3 out of 5 stars","+32"
"206",11,"Mike Gesicki",CIN,"TE24","10","2 out of 5 stars","-2"
"207",11,"Chris Boswell",PIT,"K7","5","1 out of 5 stars","+47"
"208",11,"Kyle Monangai",CHI,"RB64","5","3 out of 5 stars","-38"
"209",11,"Chris Rodriguez Jr.",WAS,"RB65","12","2 out of 5 stars","+23"
"210",11,"Pat Freiermuth",PIT,"TE25","5","3 out of 5 stars","-16"
"211",11,"DJ Giddens",IND,"RB66","11","2 out of 5 stars","-8"
"212",11,"Harrison Butker",KC,"K8","10","3 out of 5 stars","+9"
"213",11,"New York Jets",NYJ,"DST14","9","5 out of 5 stars","+38"
"214",11,"Evan McPherson",CIN,"K9","10","1 out of 5 stars","+32"
"215",11,"Aaron Rodgers",PIT,"QB28","5","4 out of 5 stars","-36"
"216",11,"MarShawn Lloyd",GB,"RB67","5","4 out of 5 stars","+22"
"217",11,"Darius Slayton",NYG,"WR74","14","2 out of 5 stars","+32"
"218",11,"Michael Wilson",ARI,"WR75","8","4 out of 5 stars","+35"
"219",11,"Tyler Bass",BUF,"K10","7","2 out of 5 stars","+15"
"220",11,"Kareem Hunt",KC,"RB68","10","2 out of 5 stars","-34"
"221",11,"Keaton Mitchell",BAL,"RB69","7","4 out of 5 stars","+8"
"222",11,"San Francisco 49ers",SF,"DST15","14","5 out of 5 stars","-24"
"223",11,"Adonai Mitchell",IND,"WR76","11","4 out of 5 stars","+34"
"224",11,"Mason Taylor",NYJ,"TE26","9","3 out of 5 stars","-42"
"225",11,"Pat Bryant",DEN,"WR77","12","3 out of 5 stars","-19"
"226",11,"Jack Bech",LV,"WR78","8","4 out of 5 stars","-54"
"227",11,"Dalton Schultz",HOU,"TE27","6","3 out of 5 stars","-11"
"228",11,"Jake Elliott",PHI,"K11","9","2 out of 5 stars","+28"
"229",11,"Andrei Iosivas",CIN,"WR79","10","3 out of 5 stars","+59"
"230",11,"Justice Hill",BAL,"RB70","7","4 out of 5 stars","-41"
"231",11,"Jalen McMillan",TB,"WR80","9","3 out of 5 stars","-18"
"232",11,"Elic Ayomanor",TEN,"WR81","10","4 out of 5 stars","+18"
"233",11,"Calvin Austin III",PIT,"WR82","5","4 out of 5 stars","+46"
"234",11,"Jaylin Noel",HOU,"WR83","6","4 out of 5 stars","-9"
"235",11,"Miles Sanders",DAL,"RB71","10","2 out of 5 stars","+6"
"236",11,"Tahj Brooks",CIN,"RB72","10","4 out of 5 stars","-6"
"237",11,"Dontayvion Wicks",GB,"WR84","5","2 out of 5 stars","+28"
"238",11,"Dameon Pierce",HOU,"RB73","6","2 out of 5 stars","+29"
"239",11,"Daniel Jones",IND,"QB29","11","3 out of 5 stars","-21"
"240",12,"Jarquez Hunter",LAR,"RB74","8","3 out of 5 stars","-23"
"241",12,"Elijah Arroyo",SEA,"TE28","8","4 out of 5 stars","-14"
"242",12,"Matt Gay",WAS,"K12","12","3 out of 5 stars","+33"
"243",12,"Younghoe Koo",ATL,"K13","5","4 out of 5 stars","+48"
"244",12,"Juwan Johnson",NO,"TE29","11","3 out of 5 stars","0"
"245",12,"Tyler Lockett",TEN,"WR85","10","4 out of 5 stars","+3"
"246",12,"Ja'Tavion Sanders",CAR,"TE30","14","4 out of 5 stars","-27"
"247",12,"Devin Neal",NO,"RB75","11","4 out of 5 stars","-8"
"248",12,"Sean Tucker",TB,"RB76","9","3 out of 5 stars","+39"
"249",12,"Dyami Brown",JAC,"WR86","8","4 out of 5 stars","+19"
"250",12,"Dallas Cowboys",DAL,"DST16","10","0 out of 5 stars","+20"
"251",12,"Russell Wilson",NYG,"QB30","14","1 out of 5 stars","-55"
"252",12,"Brashard Smith",KC,"RB77","10","2 out of 5 stars","-47"
"253",12,"Jalen Royals",KC,"WR87","10","3 out of 5 stars","-1"
"254",12,"Dont'e Thornton Jr.",LV,"WR88","8","4 out of 5 stars","-31"
"255",12,"Tampa Bay Buccaneers",TB,"DST17","9","3 out of 5 stars","-40"
"256",12,"Tory Horton",SEA,"WR89","8","3 out of 5 stars","+17"
"257",12,"Jason Sanders",MIA,"K14","12","2 out of 5 stars","+35"
"258",12,"Roman Wilson",PIT,"WR90","5","4 out of 5 stars","+4"
"259",12,"Cole Kmet",CHI,"TE31","5","4 out of 5 stars","+5"
"260",12,"Raheem Mostert",LV,"RB78","8","2 out of 5 stars","+18"
"261",12,"Isaac TeSlaa",DET,"WR91","8","3 out of 5 stars","-30"
"262",12,"Elijah Mitchell",KC,"RB79","10","2 out of 5 stars","+20"
"263",12,"Theo Johnson",NYG,"TE32","14","2 out of 5 stars","-18"
"264",12,"Devaughn Vele",NO,"WR92","11","4 out of 5 stars","-"
"265",12,"Anthony Richardson Sr.",IND,"QB31","11","3 out of 5 stars","-75"
"266",12,"Joe Flacco",CLE,"QB32","9","2 out of 5 stars","-38"
"267",12,"Joshua Karty",LAR,"K15","8","2 out of 5 stars","-"
"268",12,"Jaleel McLaughlin",DEN,"RB80","12","2 out of 5 stars","+1"
"269",12,"Harold Fannin Jr.",CLE,"TE33","9","3 out of 5 stars","-6"
"270",12,"Noah Gray",KC,"TE34","10","3 out of 5 stars","+19"
"271",12,"Jalen Tolbert",DAL,"WR93","10","2 out of 5 stars","+56"
"272",12,"Devin Singletary",NYG,"RB81","14","3 out of 5 stars","+12"
"273",12,"Kenneth Gainwell",PIT,"RB82","5","4 out of 5 stars","+39"
"274",12,"Trevor Etienne",CAR,"RB83","14","3 out of 5 stars","0"
"275",12,"Kayshon Boutte",NE,"WR94","14","3 out of 5 stars","+21"
"276",12,"Nick Westbrook-Ikhine",MIA,"WR95","12","3 out of 5 stars","-"
"277",12,"Malik Washington",MIA,"WR96","12","3 out of 5 stars","+37"
"278",12,"Brandin Cooks",NO,"WR97","11","4 out of 5 stars","+22"
"279",12,"Ty Johnson",BUF,"RB84","7","4 out of 5 stars","-"
"280",12,"Elijah Moore",BUF,"WR98","7","3 out of 5 stars","-"
"281",12,"Chicago Bears",CHI,"DST18","5","2 out of 5 stars","+26"
"282",12,"Isaiah Davis",NYJ,"RB85","9","5 out of 5 stars","-"
"283",12,"Darren Waller",MIA,"TE35","12","3 out of 5 stars","-59"
"284",12,"Tre Tucker",LV,"WR99","8","4 out of 5 stars","-23"
"285",12,"Antonio Gibson",NE,"RB86","14","4 out of 5 stars","+41"
"286",12,"Amari Cooper",LV,"WR100","8","4 out of 5 stars","-89"
"287",12,"Jalen Nailor",MIN,"WR101","6","2 out of 5 stars","+32"
"288",12,"Jaxson Dart",NYG,"QB33","14","1 out of 5 stars","-76"
"289",12,"Tyler Shough",NO,"QB34","11","5 out of 5 stars","-75"
"290",13,"Spencer Rattler",NO,"QB35","11","5 out of 5 stars","-43"
"291",13,"Cleveland Browns",CLE,"DST19","9","3 out of 5 stars","-"
"292",13,"Daniel Carlson",LV,"K16","8","3 out of 5 stars","+5"
"293",13,"Will Reichard",MIN,"K17","6","0 out of 5 stars","+15"
"294",13,"Tyler Loop",BAL,"K18","7","2 out of 5 stars","-23"
"295",13,"Diontae Johnson",FA,"WR102","-","-","0"
"296",13,"Jordan James",SF,"RB87","14","3 out of 5 stars","-36"
"297",13,"Emanuel Wilson",GB,"RB88","5","4 out of 5 stars","+14"
"298",13,"Tim Patrick",JAC,"WR103","8","4 out of 5 stars","-"
"299",13,"Taysom Hill",NO,"TE36","11","3 out of 5 stars","+5"
"300",13,"New England Patriots",NE,"DST20","14","4 out of 5 stars","-24"
"301",13,"Christian Watson",GB,"WR104","5","2 out of 5 stars","+14"
"302",13,"Audric Estime",FA,"RB89","-","-","0"
"303",13,"Terrance Ferguson",LAR,"TE37","8","4 out of 5 stars","-48"
"304",13,"Troy Franklin",DEN,"WR105","12","3 out of 5 stars","-18"
"305",13,"Arizona Cardinals",ARI,"DST21","8","4 out of 5 stars","-25"
"306",13,"Chris Brooks",GB,"RB90","5","4 out of 5 stars","-"
"307",13,"Luke McCaffrey",WAS,"WR106","12","3 out of 5 stars","-"
"308",13,"Parker Washington",JAC,"WR107","8","4 out of 5 stars","-"
"309",13,"Xavier Restrepo",TEN,"WR108","10","4 out of 5 stars","-19"
"310",13,"Noah Fant",CIN,"TE38","10","2 out of 5 stars","-5"
"311",13,"Khalil Herbert",FA,"RB91","-","-","+10"
"312",13,"Ray-Ray McCloud III",ATL,"WR109","5","3 out of 5 stars","-13"
"313",13,"Tyler Higbee",LAR,"TE39","8","4 out of 5 stars","-12"
"314",13,"Jermaine Burton",CIN,"WR110","10","3 out of 5 stars","-"
"315",13,"Kimani Vidal",LAC,"RB92","12","2 out of 5 stars","-"
"316",13,"Tutu Atwell",LAR,"WR111","8","3 out of 5 stars","0"
"317",13,"Sincere McCormick",SF,"RB93","14","3 out of 5 stars","-"
"318",13,"Oronde Gadsden II",LAC,"TE40","12","3 out of 5 stars","-8"
"319",13,"Ty Chandler",MIN,"RB94","6","3 out of 5 stars","-"
"320",13,"Shedeur Sanders",CLE,"QB36","9","2 out of 5 stars","-94"
"321",13,"Phil Mafah",DAL,"RB95","10","2 out of 5 stars","-"
"322",13,"Zamir White",LV,"RB96","8","2 out of 5 stars","-"
"323",13,"Samaje Perine",CIN,"RB97","10","4 out of 5 stars","-"
"324",13,"Tez Johnson",TB,"WR112","9","3 out of 5 stars","-"
"325",13,"Jason Myers",SEA,"K19","8","5 out of 5 stars","-"
"326",13,"Damien Martinez",SEA,"RB98","8","3 out of 5 stars","-1"
"327",13,"Ben Sinnott",WAS,"TE41","12","3 out of 5 stars","-14"
"328",13,"KaVontae Turpin",DAL,"WR113","10","2 out of 5 stars","-"
"329",13,"Josh Reynolds",NYJ,"WR114","9","4 out of 5 stars","-"
"330",13,"Jordan Whittington",LAR,"WR115","8","3 out of 5 stars","-21"
"331",13,"A.J. Dillon",PHI,"RB99","9","3 out of 5 stars","-"
"332",13,"Raheim Sanders",CLE,"RB100","9","4 out of 5 stars","-"
"333",13,"Will Dissly",LAC,"TE42","12","3 out of 5 stars","-"
"334",13,"Tyler Conklin",LAC,"TE43","12","3 out of 5 stars","-62"
"335",13,"Cam Little",JAC,"K20","8","5 out of 5 stars","-52"
"336",13,"Noah Brown",WAS,"WR116","12","3 out of 5 stars","-"
"337",13,"Brandon McManus",GB,"K21","5","3 out of 5 stars","-56"
"338",13,"Gabe Davis",FA,"WR117","-","-","-"
"339",14,"New York Giants",NYG,"DST22","14","1 out of 5 stars","-103"
"340",14,"KeAndre Lambert-Smith",LAC,"WR118","12","3 out of 5 stars","-"
"341",14,"Jalen Milroe",SEA,"QB37","8","4 out of 5 stars","-47"
"342",14,"Demarcus Robinson",SF,"WR119","14","4 out of 5 stars","-"
"343",14,"Miami Dolphins",MIA,"DST23","12","2 out of 5 stars","-58"
"344",14,"Zack Moss",FA,"RB101","-","-","-41"
"345",14,"Jaylin Lane",WAS,"WR120","12","3 out of 5 stars","-"
"346",14,"Dawson Knox",BUF,"TE44","7","3 out of 5 stars","-"
"347",14,"Michael Mayer",LV,"TE45","8","2 out of 5 stars","-"
"348",14,"Isaiah Bond",CLE,"WR121","9","2 out of 5 stars","-26"
"349",14,"Jake Moody",SF,"K22","14","5 out of 5 stars","-51"
"350",14,"John Metchie III",PHI,"WR122","9","3 out of 5 stars","-"
"351",14,"Tai Felton",MIN,"WR123","6","2 out of 5 stars","-"
"352",14,"AJ Barner",SEA,"TE46","8","4 out of 5 stars","-"
"353",14,"Marquez Valdes-Scantling",SF,"WR124","14","4 out of 5 stars","-29"
"354",14,"Olamide Zaccheaus",CHI,"WR125","5","2 out of 5 stars","-61"
"355",14,"Kalel Mullings",TEN,"RB102","10","2 out of 5 stars","-"
"356",14,"Kirk Cousins",ATL,"QB38","5","4 out of 5 stars","-90"
"357",14,"Luke Musgrave",GB,"TE47","5","2 out of 5 stars","-"
"358",14,"Washington Commanders",WAS,"DST24","12","4 out of 5 stars","-136"
"359",14,"Allen Lazard",NYJ,"WR126","9","4 out of 5 stars","-"
"360",14,"Cam Akers",FA,"RB103","-","-","-"
"361",14,"Justin Tucker",FA,"K23","-","-","-"
"362",14,"Gus Edwards",FA,"RB104","-","-","-"
"363",14,"Dillon Gabriel",CLE,"QB39","9","2 out of 5 stars","-"
"364",14,"Savion Williams",GB,"WR127","5","2 out of 5 stars","-"
"365",14,"Curtis Samuel",BUF,"WR128","7","3 out of 5 stars","-37"
"366",14,"LeQuint Allen Jr.",JAC,"RB105","8","2 out of 5 stars","-"
"367",14,"Chimere Dike",TEN,"WR129","10","4 out of 5 stars","-"
"368",14,"Jimmy Garoppolo",LAR,"QB40","8","3 out of 5 stars","-"
"369",14,"Mack Hollins",NE,"WR130","14","3 out of 5 stars","-"
"370",14,"Jameis Winston",NYG,"QB41","14","1 out of 5 stars","-"
"371",14,"Emari Demercado",ARI,"RB106","8","3 out of 5 stars","-"
"372",14,"Austin Hooper",NE,"TE48","14","3 out of 5 stars","-"
"373",14,"Zay Jones",ARI,"WR131","8","4 out of 5 stars","-"
"374",14,"Gunnar Helm",TEN,"TE49","10","3 out of 5 stars","-"
"375",14,"Cairo Santos",CHI,"K24","5","1 out of 5 stars","-"
"376",14,"Van Jefferson",TEN,"WR132","10","4 out of 5 stars","-"
"377",14,"Indianapolis Colts",IND,"DST25","11","4 out of 5 stars","-60"
"378",14,"Jahan Dotson",PHI,"WR133","9","3 out of 5 stars","-"
"379",14,"Donovan Edwards",WAS,"RB107","12","2 out of 5 stars","-"
"380",14,"Tank Dell",HOU,"WR134","6","4 out of 5 stars","-"
"381",14,"Trey Sermon",PIT,"RB108","5","4 out of 5 stars","-"
"382",14,"Foster Moreau",NO,"TE50","11","3 out of 5 stars","-"
"383",14,"Atlanta Falcons",ATL,"DST26","5","3 out of 5 stars","-"
"384",14,"Matt Prater",FA,"K25","-","-","-"
"385",14,"Chad Ryland",ARI,"K26","8","3 out of 5 stars","-"
"386",14,"Efton Chism III",NE,"WR135","14","3 out of 5 stars","-"
"387",14,"Jamari Thrash",CLE,"WR136","9","2 out of 5 stars","-"
"388",14,"Blake Grupe",NO,"K27","11","5 out of 5 stars","-"
"389",14,"Greg Dortch",ARI,"WR137","8","4 out of 5 stars","-"
"390",14,"Jonathon Brooks",CAR,"RB109","14","3 out of 5 stars","-"
"391",14,"Cade Stover",HOU,"TE51","6","3 out of 5 stars","-"
"392",15,"Cincinnati Bengals",CIN,"DST27","10","2 out of 5 stars","-86"
"393",15,"Graham Gano",NYG,"K28","14","0 out of 5 stars","-"
"394",15,"Jacob Cowing",SF,"WR138","14","4 out of 5 stars","-"
"395",15,"Kenny Pickett",LV,"QB42","8","3 out of 5 stars","-"
"396",15,"Antwane Wells Jr.",FA,"WR139","-","-","-"
"397",15,"Tommy Tremble",CAR,"TE52","14","4 out of 5 stars","-"
"398",15,"Kyle Juszczyk",SF,"RB110","14","3 out of 5 stars","-"
"399",15,"New Orleans Saints",NO,"DST28","11","4 out of 5 stars","-76"
"400",15,"Eddy Pineiro",FA,"K29","-","-","-"
"401",15,"Craig Reynolds",DET,"RB111","8","2 out of 5 stars","-"
"402",15,"Luke Schoonmaker",DAL,"TE53","10","2 out of 5 stars","-"
"403",15,"JuJu Smith-Schuster",KC,"WR140","10","3 out of 5 stars","-"
"404",15,"Tyrod Taylor",NYJ,"QB43","9","5 out of 5 stars","-"
"405",15,"Theo Wease Jr.",MIA,"WR141","12","3 out of 5 stars","-"
"406",15,"Josh Oliver",MIN,"TE54","6","3 out of 5 stars","-"
"407",15,"Nick Folk",NYJ,"K30","9","2 out of 5 stars","-"
"408",15,"Hunter Renfrow",FA,"WR142","-","-","-"
"409",15,"Clyde Edwards-Helaire",FA,"RB112","-","-","-"
"410",15,"Jeremy McNichols",WAS,"RB113","12","2 out of 5 stars","-"
"411",15,"Tyler Goodson",IND,"RB114","11","2 out of 5 stars","-"
"412",15,"Joe Milton III",DAL,"QB44","10","2 out of 5 stars","-"
"413",15,"Julius Chestnut",TEN,"RB115","10","2 out of 5 stars","-"
"414",15,"Arian Smith",NYJ,"WR143","9","4 out of 5 stars","-"
"415",15,"Mason Rudolph",PIT,"QB45","5","4 out of 5 stars","-"
"416",15,"George Holani",SEA,"RB116","8","3 out of 5 stars","-"
"417",15,"Jalin Hyatt",NYG,"WR144","14","2 out of 5 stars","-"
"418",15,"Robert Woods",PIT,"WR145","5","4 out of 5 stars","-"
"419",15,"Ja'Quinden Jackson",JAC,"RB117","8","2 out of 5 stars","-"
"420",15,"Tyquan Thornton",KC,"WR146","10","3 out of 5 stars","-"
"421",15,"Dare Ogunbowale",HOU,"RB118","6","2 out of 5 stars","-"
"422",15,"Jordan Watkins",SF,"WR147","14","4 out of 5 stars","-"
"423",15,"Devontez Walker",BAL,"WR148","7","3 out of 5 stars","-"
"424",15,"Grant Calcaterra",PHI,"TE55","9","3 out of 5 stars","-"
"425",15,"Jeremy Ruckert",NYJ,"TE56","9","3 out of 5 stars","-"
"426",15,"Skyy Moore",SF,"WR149","14","4 out of 5 stars","-"
"427",15,"Tyler Badie",DEN,"RB119","12","2 out of 5 stars","-"
"428",15,"D'Ernest Johnson",FA,"RB120","-","-","-"
"429",15,"Stone Smartt",NYJ,"TE57","9","3 out of 5 stars","-"
"430",15,"Xavier Hutchinson",HOU,"WR150","6","4 out of 5 stars","-"
"431",15,"Hassan Haskins",LAC,"RB121","12","2 out of 5 stars","-"
"432",15,"Mitchell Evans",CAR,"TE58","14","4 out of 5 stars","-"
"433",15,"Jimmy Horn Jr.",CAR,"WR151","14","4 out of 5 stars","-"
"434",15,"Jonathan Mingo",DAL,"WR152","10","2 out of 5 stars","-"
"435",15,"Las Vegas Raiders",LV,"DST29","8","4 out of 5 stars","-117"
"436",15,"Malik Willis",GB,"QB46","5","2 out of 5 stars","-"
"437",15,"Jacksonville Jaguars",JAC,"DST30","8","4 out of 5 stars","-117"
"438",15,"Darnell Washington",PIT,"TE59","5","3 out of 5 stars","-"
"439",15,"Spencer Shrader",IND,"K31","11","5 out of 5 stars","-"
"440",15,"Sterling Shepard",TB,"WR153","9","3 out of 5 stars","-"
"441",15,"Elijah Higgins",ARI,"TE60","8","5 out of 5 stars","-"
"442",15,"Casey Washington",ATL,"WR154","5","3 out of 5 stars","-"
"443",15,"Greg Dulcich",MIA,"TE61","12","3 out of 5 stars","-"
"444",15,"Kendrick Bourne",FA,"WR155","-","-","-"
"445",15,"Mitchell Tinsley",CIN,"WR156","10","3 out of 5 stars","-"
"446",15,"Javon Baker",NE,"WR157","14","3 out of 5 stars","-"
"447",15,"John Bates",WAS,"TE62","12","3 out of 5 stars","-"
"448",15,"Alec Ingold",MIA,"RB122","12","4 out of 5 stars","-"
"449",15,"Tyler Johnson",FA,"WR158","-","-","-"
"450",15,"Aidan O'Connell",LV,"QB47","8","3 out of 5 stars","-"
"451",15,"Deshaun Watson",CLE,"QB48","9","2 out of 5 stars","-"
"452",15,"Chris Tyree",NO,"RB123","11","4 out of 5 stars","-"
"453",15,"Carson Steele",KC,"RB124","10","2 out of 5 stars","-"
"454",15,"Jake Bobo",SEA,"WR159","8","3 out of 5 stars","-"
"455",15,"Kalif Raymond",DET,"WR160","8","3 out of 5 stars","-"
"456",15,"Julian Hill",MIA,"TE63","12","3 out of 5 stars","-"
"457",15,"Sione Vaki",DET,"RB125","8","2 out of 5 stars","-"
"458",15,"Pierre Strong Jr.",FA,"RB126","-","-","-"
"459",15,"Rasheen Ali",BAL,"RB127","7","4 out of 5 stars","-"
"460",15,"Dylan Laube",LV,"RB128","8","2 out of 5 stars","-"
"461",15,"Malachi Corley",CLE,"WR161","9","2 out of 5 stars","-"
"462",15,"Zach Wilson",MIA,"QB49","12","5 out of 5 stars","-"
"463",15,"KhaDarel Hodge",ATL,"WR162","5","3 out of 5 stars","-"
"464",15,"Marcus Mariota",WAS,"QB50","12","2 out of 5 stars","-"
"465",15,"Cordarrelle Patterson",FA,"RB129","-","-","-"
"466",15,"Mac Jones",SF,"QB51","14","4 out of 5 stars","-"
"467",15,"Jacoby Brissett",ARI,"QB52","8","4 out of 5 stars","-"
"468",16,"Michael Carter",ARI,"RB130","8","3 out of 5 stars","-"
"469",16,"K.J. Osborn",FA,"WR163","-","-","-"
"470",16,"Zavier Scott",MIN,"WR164","6","2 out of 5 stars","-"
"471",16,"Gardner Minshew II",KC,"QB53","10","3 out of 5 stars","-"
"472",16,"Sam Howell",PHI,"QB54","9","3 out of 5 stars","-"
"473",16,"Hunter Luepke",DAL,"RB131","10","2 out of 5 stars","-"
"474",16,"Jake Browning",CIN,"QB55","10","2 out of 5 stars","-"
"475",16,"Marcus Yarns",FA,"RB132","-","-","-"
"476",16,"Jelani Woods",NYJ,"TE64","9","3 out of 5 stars","-"
"477",16,"Jeff Wilson Jr.",MIA,"RB133","12","4 out of 5 stars","-"
"478",16,"Daniel Bellinger",NYG,"TE65","14","2 out of 5 stars","-"
"479",16,"Cooper Rush",BAL,"QB56","7","3 out of 5 stars","-"
"480",16,"Josh Williams",TB,"RB134","9","3 out of 5 stars","-"
"481",16,"Brock Wright",DET,"TE66","8","3 out of 5 stars","-"
"482",16,"Luke Lachey",FA,"TE67","-","-","-"
"483",16,"Drew Lock",SEA,"QB57","8","4 out of 5 stars","-"
"484",16,"Thomas Fidone II",NYG,"TE68","14","2 out of 5 stars","-"
"485",16,"DeeJay Dallas",FA,"RB135","-","-","-"
"486",16,"Kene Nwangwu",NYJ,"RB136","9","5 out of 5 stars","-"
"487",16,"Josh Whyle",FA,"TE69","-","-","-"
"488",16,"Lucky Jackson",MIN,"WR165","6","2 out of 5 stars","-"
"489",16,"Harrison Bryant",HOU,"TE70","6","3 out of 5 stars","-"
"490",16,"C.J. Ham",MIN,"RB137","6","3 out of 5 stars","-"
"491",16,"Luke Farrell",SF,"TE71","14","3 out of 5 stars","-"
"492",16,"Derius Davis",LAC,"WR166","12","3 out of 5 stars","-"
"493",16,"Ronnie Rivers",LAR,"RB138","8","3 out of 5 stars","-"
"494",16,"Colby Parkinson",LAR,"TE72","8","4 out of 5 stars","-"
"495",16,"Charlie Woerner",ATL,"TE73","5","3 out of 5 stars","-"
"496",16,"David Moore",CAR,"WR167","14","4 out of 5 stars","-"
"497",16,"Patrick Ricard",BAL,"RB139","7","4 out of 5 stars","-"
"498",16,"Carlos Washington Jr.",ATL,"RB140","5","4 out of 5 stars","-"
"499",16,"Charlie Kolar",BAL,"TE74","7","3 out of 5 stars","-"